Type,Name,Request Count,Failure Count,Median Response Time,Average Response Time,Min Response Time,Max Response Time,Average Content Size,Requests/s,Failures/s,50%,66%,75%,80%,90%,95%,98%,99%,99.9%,99.99%,100%
POST,long-rag,4,4,32024.895900000047,32030.124649999834,32024.895900000047,32039.219199999934,0.0,0.0973470166534945,0.0973470166534945,32000,32000,32000,32000,32000,32000,32000,32000,32000,32000,32000
POST,short,6,6,32019.114799999443,32030.5904166659,32019.114799999443,32042.558899998767,0.0,0.14602052498024173,0.14602052498024173,32000,32000,32000,32000,32000,32000,32000,32000,32000,32000,32000
,Aggregated,10,10,32019.114799999443,32030.404109999472,32019.114799999443,32042.558899998767,0.0,0.24336754163373625,0.24336754163373625,32000,32000,32000,32000,32000,32000,32000,32000,32000,32000,32000
